{
  "document_metadata": {
    "filename": "sample_document.pdf",
    "source_path": "/home/runner/workspace/sample_document.pdf",
    "total_pages": 2,
    "processed_at": "2025-07-10T09:28:01.986293",
    "file_size_bytes": 3762,
    "extraction_version": "1.0"
  },
  "extraction_summary": {
    "total_text_blocks": 14,
    "total_headings": 8,
    "total_tables": 3,
    "total_words": 14,
    "total_characters": 562,
    "heading_levels": {
      "level_1": 1,
      "level_2": 4,
      "level_6": 3
    },
    "pages_with_tables": 2,
    "largest_table": {
      "id": "page_1_table_1",
      "page": 1,
      "rows": 6,
      "columns": 5,
      "cell_count": 30
    }
  },
  "content": {
    "text_blocks": [
      {
        "id": "text_block_1",
        "text": "Thi",
        "page": 1,
        "position": {
          "bbox": [
            78.0,
            595.93,
            91.89,
            605.93
          ],
          "x": 78.0,
          "y": 595.93
        },
        "formatting": {
          "font_name": "Helvetica",
          "font_size": 10.0,
          "word_count": 1,
          "character_count": 3
        },
        "classification": {
          "type": "text",
          "confidence": 1.0
        }
      },
      {
        "id": "text_block_2",
        "text": "siga",
        "page": 1,
        "position": {
          "bbox": [
            78.0,
            583.93,
            533.1899999999999,
            593.93
          ],
          "x": 78.0,
          "y": 583.93
        },
        "formatting": {
          "font_name": "Helvetica",
          "font_size": 10.0,
          "word_count": 1,
          "character_count": 4
        },
        "classification": {
          "type": "text",
          "confidence": 1.0
        }
      },
      {
        "id": "text_block_3",
        "text": "15%d",
        "page": 1,
        "position": {
          "bbox": [
            78.0,
            571.93,
            532.6399999999998,
            581.93
          ],
          "x": 78.0,
          "y": 571.93
        },
        "formatting": {
          "font_name": "Helvetica",
          "font_size": 10.0,
          "word_count": 1,
          "character_count": 4
        },
        "classification": {
          "type": "text",
          "confidence": 1.0
        }
      },
      {
        "id": "text_block_4",
        "text": "exp",
        "page": 1,
        "position": {
          "bbox": [
            78.0,
            559.93,
            94.12,
            569.93
          ],
          "x": 78.0,
          "y": 559.93
        },
        "formatting": {
          "font_name": "Helvetica",
          "font_size": 10.0,
          "word_count": 1,
          "character_count": 3
        },
        "classification": {
          "type": "text",
          "confidence": 1.0
        }
      },
      {
        "id": "text_block_5",
        "text": "Thefollowingtableshowsquarterlysalesdatabrokendownbyproductcategory:",
        "page": 1,
        "position": {
          "bbox": [
            78.0,
            493.93,
            435.93999999999994,
            503.93
          ],
          "x": 78.0,
          "y": 493.93
        },
        "formatting": {
          "font_name": "Helvetica",
          "font_size": 10.0,
          "word_count": 1,
          "character_count": 68
        },
        "classification": {
          "type": "text",
          "confidence": 1.0
        }
      },
      {
        "id": "text_block_6",
        "text": "Ourexpansionintonewgeographicmarketshasshownpromisingresults.TheNorthAmericanmarket",
        "page": 1,
        "position": {
          "bbox": [
            78.0,
            290.93,
            530.9399999999999,
            300.93
          ],
          "x": 78.0,
          "y": 290.93
        },
        "formatting": {
          "font_name": "Helvetica",
          "font_size": 10.0,
          "word_count": 1,
          "character_count": 83
        },
        "classification": {
          "type": "text",
          "confidence": 1.0
        }
      },
      {
        "id": "text_block_7",
        "text": "continuestobeourstrongestperformer,whileEuropeanandAsianmarketsshowedsteadygrowth",
        "page": 1,
        "position": {
          "bbox": [
            78.0,
            278.93,
            515.42,
            288.93
          ],
          "x": 78.0,
          "y": 278.93
        },
        "formatting": {
          "font_name": "Helvetica",
          "font_size": 10.0,
          "word_count": 1,
          "character_count": 81
        },
        "classification": {
          "type": "text",
          "confidence": 1.0
        }
      },
      {
        "id": "text_block_8",
        "text": "throughouttheyear.",
        "page": 1,
        "position": {
          "bbox": [
            78.0,
            266.93,
            167.50000000000003,
            276.93
          ],
          "x": 78.0,
          "y": 266.93
        },
        "formatting": {
          "font_name": "Helvetica",
          "font_size": 10.0,
          "word_count": 1,
          "character_count": 18
        },
        "classification": {
          "type": "text",
          "confidence": 1.0
        }
      },
      {
        "id": "text_block_9",
        "text": "NorthAmerica$2,160,00012%50%",
        "page": 1,
        "position": {
          "bbox": [
            112.05,
            212.93,
            478.005,
            222.93
          ],
          "x": 112.05,
          "y": 212.93
        },
        "formatting": {
          "font_name": "Helvetica",
          "font_size": 10.0,
          "word_count": 1,
          "character_count": 28
        },
        "classification": {
          "type": "text",
          "confidence": 1.0
        }
      },
      {
        "id": "text_block_10",
        "text": "Europe$1,296,00018%30%",
        "page": 1,
        "position": {
          "bbox": [
            127.88,
            194.93,
            478.005,
            204.93
          ],
          "x": 127.88,
          "y": 194.93
        },
        "formatting": {
          "font_name": "Helvetica",
          "font_size": 10.0,
          "word_count": 1,
          "character_count": 22
        },
        "classification": {
          "type": "text",
          "confidence": 1.0
        }
      },
      {
        "id": "text_block_11",
        "text": "AsiaPacific$864,00025%20%",
        "page": 1,
        "position": {
          "bbox": [
            118.16,
            176.93,
            478.005,
            186.93
          ],
          "x": 118.16,
          "y": 176.93
        },
        "formatting": {
          "font_name": "Helvetica",
          "font_size": 10.0,
          "word_count": 1,
          "character_count": 25
        },
        "classification": {
          "type": "text",
          "confidence": 1.0
        }
      },
      {
        "id": "text_block_12",
        "text": "Basedoncurrenttrendsandmarketanalysis,weprojectcontinuedgrowthinthecomingyear.Key",
        "page": 1,
        "position": {
          "bbox": [
            78.0,
            99.93,
            513.7499999999999,
            109.93
          ],
          "x": 78.0,
          "y": 99.93
        },
        "formatting": {
          "font_name": "Helvetica",
          "font_size": 10.0,
          "word_count": 1,
          "character_count": 81
        },
        "classification": {
          "type": "text",
          "confidence": 1.0
        }
      },
      {
        "id": "text_block_13",
        "text": "initiativesincludeproductinnovation,marketexpansion,andstrategicpartnerships.Weanticipate",
        "page": 1,
        "position": {
          "bbox": [
            78.0,
            87.93,
            509.2999999999999,
            97.93
          ],
          "x": 78.0,
          "y": 87.93
        },
        "formatting": {
          "font_name": "Helvetica",
          "font_size": 10.0,
          "word_count": 1,
          "character_count": 89
        },
        "classification": {
          "type": "text",
          "confidence": 1.0
        }
      },
      {
        "id": "text_block_14",
        "text": "achievingourtargetof$5millioninrevenuebytheendof2025.",
        "page": 2,
        "position": {
          "bbox": [
            78.0,
            701.93,
            359.82000000000005,
            711.93
          ],
          "x": 78.0,
          "y": 701.93
        },
        "formatting": {
          "font_name": "Helvetica",
          "font_size": 10.0,
          "word_count": 1,
          "character_count": 53
        },
        "classification": {
          "type": "text",
          "confidence": 1.0
        }
      }
    ],
    "headings": [
      {
        "id": "heading_1",
        "text": "AnnualSalesReport2024",
        "level": 1,
        "page": 1,
        "position": {
          "bbox": [
            78.0,
            685.032,
            372.7679999999999,
            709.032
          ],
          "x": 78.0,
          "y": 685.032
        },
        "formatting": {
          "font_name": "Helvetica-Bold",
          "font_size": 24.0,
          "word_count": 1
        },
        "classification": {
          "confidence": 0.7,
          "detection_method": "font_weight"
        }
      },
      {
        "id": "heading_2",
        "text": "ExecutiveSummary",
        "level": 2,
        "page": 1,
        "position": {
          "bbox": [
            78.0,
            618.688,
            230.06399999999996,
            634.688
          ],
          "x": 78.0,
          "y": 618.688
        },
        "formatting": {
          "font_name": "Helvetica-Bold",
          "font_size": 16.0,
          "word_count": 1
        },
        "classification": {
          "confidence": 0.7,
          "detection_method": "font_weight"
        }
      },
      {
        "id": "heading_3",
        "text": "SalesPerformancebyQuarter",
        "level": 2,
        "page": 1,
        "position": {
          "bbox": [
            78.0,
            516.688,
            307.42400000000004,
            532.688
          ],
          "x": 78.0,
          "y": 516.688
        },
        "formatting": {
          "font_name": "Helvetica-Bold",
          "font_size": 16.0,
          "word_count": 1
        },
        "classification": {
          "confidence": 0.7,
          "detection_method": "font_weight"
        }
      },
      {
        "id": "heading_4",
        "text": "QuarterSoftwareHardwareServicesTotal",
        "level": 6,
        "page": 1,
        "position": {
          "bbox": [
            115.14,
            466.93,
            490.745,
            476.93
          ],
          "x": 115.14,
          "y": 466.93
        },
        "formatting": {
          "font_name": "Helvetica-Bold",
          "font_size": 10.0,
          "word_count": 1
        },
        "classification": {
          "confidence": 0.3,
          "detection_method": "font_weight"
        }
      },
      {
        "id": "heading_5",
        "text": "Q12024$450,000$320,000$180,000$950,000",
        "level": 6,
        "page": 1,
        "position": {
          "bbox": [
            114.02,
            439.93,
            499.65,
            449.93
          ],
          "x": 114.02,
          "y": 439.93
        },
        "formatting": {
          "font_name": "Helvetica",
          "font_size": 10.0,
          "word_count": 1
        },
        "classification": {
          "confidence": 0.3,
          "detection_method": "content_analysis"
        }
      },
      {
        "id": "heading_6",
        "text": "Re",
        "level": 2,
        "page": 1,
        "position": {
          "bbox": [
            78.0,
            313.688,
            98.448,
            329.688
          ],
          "x": 78.0,
          "y": 313.688
        },
        "formatting": {
          "font_name": "Helvetica-Bold",
          "font_size": 16.0,
          "word_count": 1
        },
        "classification": {
          "confidence": 0.7,
          "detection_method": "font_weight"
        }
      },
      {
        "id": "heading_7",
        "text": "RegionRevenueGrowthRateMarketShare",
        "level": 6,
        "page": 1,
        "position": {
          "bbox": [
            127.055,
            239.93,
            499.40000000000003,
            249.93
          ],
          "x": 127.055,
          "y": 239.93
        },
        "formatting": {
          "font_name": "Helvetica-Bold",
          "font_size": 10.0,
          "word_count": 1
        },
        "classification": {
          "confidence": 0.3,
          "detection_method": "font_weight"
        }
      },
      {
        "id": "heading_8",
        "text": "FutureOutlook",
        "level": 2,
        "page": 1,
        "position": {
          "bbox": [
            78.0,
            122.688,
            192.67199999999997,
            138.688
          ],
          "x": 78.0,
          "y": 122.688
        },
        "formatting": {
          "font_name": "Helvetica-Bold",
          "font_size": 15.999999999999991,
          "word_count": 1
        },
        "classification": {
          "confidence": 0.7,
          "detection_method": "font_weight"
        }
      }
    ],
    "tables": [
      {
        "id": "page_1_table_1",
        "page": 1,
        "table_number": 1,
        "position": {
          "bbox": [
            90.0,
            310.0,
            522.0,
            427.0
          ],
          "x": 90.0,
          "y": 310.0
        },
        "structure": {
          "rows": 6,
          "columns": 5,
          "has_header": true,
          "cell_count": 30,
          "empty_cells": 0
        },
        "header": [
          "Quarter",
          "Software",
          "Hardware",
          "Services",
          "Total"
        ],
        "data": [
          [
            "Q1 2024",
            "$450,000",
            "$320,000",
            "$180,000",
            "$950,000"
          ],
          [
            "Q2 2024",
            "$520,000",
            "$380,000",
            "$200,000",
            "$1,100,000"
          ],
          [
            "Q3 2024",
            "$480,000",
            "$340,000",
            "$220,000",
            "$1,040,000"
          ],
          [
            "Q4 2024",
            "$550,000",
            "$420,000",
            "$260,000",
            "$1,230,000"
          ],
          [
            "Total",
            "$2,000,000",
            "$1,460,000",
            "$860,000",
            "$4,320,000"
          ]
        ],
        "raw_data": [
          [
            "Quarter",
            "Software",
            "Hardware",
            "Services",
            "Total"
          ],
          [
            "Q1 2024",
            "$450,000",
            "$320,000",
            "$180,000",
            "$950,000"
          ],
          [
            "Q2 2024",
            "$520,000",
            "$380,000",
            "$200,000",
            "$1,100,000"
          ],
          [
            "Q3 2024",
            "$480,000",
            "$340,000",
            "$220,000",
            "$1,040,000"
          ],
          [
            "Q4 2024",
            "$550,000",
            "$420,000",
            "$260,000",
            "$1,230,000"
          ],
          [
            "Total",
            "$2,000,000",
            "$1,460,000",
            "$860,000",
            "$4,320,000"
          ]
        ],
        "extraction_metadata": {
          "confidence": 1.0,
          "is_fallback_detection": false,
          "detection_method": "pdfplumber"
        }
      },
      {
        "id": "page_1_table_2",
        "page": 1,
        "table_number": 2,
        "position": {
          "bbox": [
            90.0,
            537.0,
            522.0,
            618.0
          ],
          "x": 90.0,
          "y": 537.0
        },
        "structure": {
          "rows": 4,
          "columns": 4,
          "has_header": true,
          "cell_count": 16,
          "empty_cells": 0
        },
        "header": [
          "Region",
          "Revenue",
          "Growth Rate",
          "Market Share"
        ],
        "data": [
          [
            "North America",
            "$2,160,000",
            "12%",
            "50%"
          ],
          [
            "Europe",
            "$1,296,000",
            "18%",
            "30%"
          ],
          [
            "Asia Pacific",
            "$864,000",
            "25%",
            "20%"
          ]
        ],
        "raw_data": [
          [
            "Region",
            "Revenue",
            "Growth Rate",
            "Market Share"
          ],
          [
            "North America",
            "$2,160,000",
            "12%",
            "50%"
          ],
          [
            "Europe",
            "$1,296,000",
            "18%",
            "30%"
          ],
          [
            "Asia Pacific",
            "$864,000",
            "25%",
            "20%"
          ]
        ],
        "extraction_metadata": {
          "confidence": 1.0,
          "is_fallback_detection": false,
          "detection_method": "pdfplumber"
        }
      },
      {
        "id": "page_2_table_1",
        "page": 2,
        "table_number": 1,
        "position": {
          "bbox": [
            78.0,
            80.07000000000005,
            359.82000000000005,
            90.07000000000005
          ],
          "x": 78.0,
          "y": 80.07000000000005
        },
        "structure": {
          "rows": 1,
          "columns": 13,
          "has_header": false,
          "cell_count": 13,
          "empty_cells": 0
        },
        "header": [],
        "data": [
          [
            "achieving",
            "our",
            "target",
            "of",
            "$5",
            "million",
            "in",
            "revenue",
            "by",
            "the",
            "end",
            "of",
            "2025."
          ]
        ],
        "raw_data": [
          [
            "achieving",
            "our",
            "target",
            "of",
            "$5",
            "million",
            "in",
            "revenue",
            "by",
            "the",
            "end",
            "of",
            "2025."
          ]
        ],
        "extraction_metadata": {
          "confidence": 0.5,
          "is_fallback_detection": true,
          "detection_method": "pdfplumber"
        }
      }
    ]
  },
  "document_structure": {
    "total_pages": 2,
    "pages": {
      "1": [
        {
          "type": "heading",
          "id": "",
          "content_preview": "AnnualSalesReport2024"
        },
        {
          "type": "heading",
          "id": "",
          "content_preview": "ExecutiveSummary"
        },
        {
          "type": "table",
          "id": "page_1_table_2",
          "content_preview": "Table (4x4)"
        },
        {
          "type": "heading",
          "id": "",
          "content_preview": "SalesPerformancebyQuarter"
        },
        {
          "type": "heading",
          "id": "",
          "content_preview": "QuarterSoftwareHardwareServicesTotal"
        },
        {
          "type": "heading",
          "id": "",
          "content_preview": "Q12024$450,000$320,000$180,000$950,000"
        },
        {
          "type": "heading",
          "id": "",
          "content_preview": "Re"
        },
        {
          "type": "table",
          "id": "page_1_table_1",
          "content_preview": "Table (6x5)"
        },
        {
          "type": "heading",
          "id": "",
          "content_preview": "RegionRevenueGrowthRateMarketShare"
        },
        {
          "type": "heading",
          "id": "",
          "content_preview": "FutureOutlook"
        }
      ],
      "2": [
        {
          "type": "table",
          "id": "page_2_table_1",
          "content_preview": "Table (1x13)"
        }
      ]
    },
    "document_outline": [
      {
        "text": "AnnualSalesReport2024",
        "level": 1,
        "page": 1,
        "id": "heading_1"
      },
      {
        "text": "ExecutiveSummary",
        "level": 2,
        "page": 1,
        "id": "heading_2"
      },
      {
        "text": "SalesPerformancebyQuarter",
        "level": 2,
        "page": 1,
        "id": "heading_3"
      },
      {
        "text": "QuarterSoftwareHardwareServicesTotal",
        "level": 6,
        "page": 1,
        "id": "heading_4"
      },
      {
        "text": "Q12024$450,000$320,000$180,000$950,000",
        "level": 6,
        "page": 1,
        "id": "heading_5"
      },
      {
        "text": "Re",
        "level": 2,
        "page": 1,
        "id": "heading_6"
      },
      {
        "text": "RegionRevenueGrowthRateMarketShare",
        "level": 6,
        "page": 1,
        "id": "heading_7"
      },
      {
        "text": "FutureOutlook",
        "level": 2,
        "page": 1,
        "id": "heading_8"
      }
    ]
  },
  "extraction_metadata": {
    "extraction_method": "pdfplumber",
    "config_version": "1.0",
    "processing_time": "2025-07-10T09:28:01.986553",
    "features_used": {
      "table_detection": true,
      "heading_detection": true,
      "font_analysis": true,
      "structure_analysis": true
    },
    "quality_metrics": {
      "text_extraction_confidence": 0.95,
      "table_extraction_confidence": 0.8333333333333334,
      "heading_detection_confidence": 0.5499999999999999
    }
  }
}