{
  "content": [
    {
      "type": "heading",
      "content": "Annual      Sales    Report      2024"
    },
    {
      "type": "heading",
      "content": "Executive  Summary"
    },
    {
      "type": "heading",
      "content": "This report presents the annual sales performance for the year 2024. The company achieved"
    },
    {
      "type": "text",
      "content": "           significant growth across all product categories, with total revenue reaching $2.5 million, representing a"
    },
    {
      "type": "heading",
      "content": "15% increase from the previous year. Key highlights include strong performance in digital products and"
    },
    {
      "type": "text",
      "content": "           expansion into new markets."
    },
    {
      "type": "heading",
      "content": "Sales Performance   by Quarter"
    },
    {
      "type": "text",
      "content": "           The following table shows quarterly sales data broken down by product category:"
    },
    {
      "type": "heading",
      "content": "Quarter    Software    Hardware    Services     Total"
    },
    {
      "type": "heading",
      "content": "Q1 2024    $450,000    $320,000    $180,000    $950,000"
    },
    {
      "type": "heading",
      "content": "Q2 2024    $520,000    $380,000    $200,000    $1,100,000"
    },
    {
      "type": "heading",
      "content": "Q3 2024    $480,000    $340,000    $220,000    $1,040,000"
    },
    {
      "type": "heading",
      "content": "Q4 2024    $550,000    $420,000    $260,000    $1,230,000"
    },
    {
      "type": "heading",
      "content": "Total     $2,000,000  $1,460,000  $860,000    $4,320,000"
    },
    {
      "type": "heading",
      "content": "Regional  Performance   Analysis"
    },
    {
      "type": "text",
      "content": "           Our expansion into new geographic markets has shown promising results. The North American market"
    },
    {
      "type": "text",
      "content": "           continues to be our strongest performer, while European and Asian markets showed steady growth"
    },
    {
      "type": "text",
      "content": "           throughout the year."
    },
    {
      "type": "heading",
      "content": "Region        Revenue       Growth Rate   Market Share"
    },
    {
      "type": "heading",
      "content": "North America   $2,160,000       12%            50%"
    },
    {
      "type": "heading",
      "content": "Europe       $1,296,000       18%            30%"
    },
    {
      "type": "heading",
      "content": "Asia Pacific    $864,000        25%            20%"
    },
    {
      "type": "heading",
      "content": "Future Outlook"
    },
    {
      "type": "heading",
      "content": "Based on current trends and market analysis, we project continued growth in the coming year. Key"
    },
    {
      "type": "text",
      "content": "           initiatives include product innovation, market expansion, and strategic partnerships. We anticipate"
    },
    {
      "type": "text",
      "content": "           achieving our target of $5 million in revenue by the end of 2025."
    }
  ],
  "tables": [
    {
      "data": [
        [
          "Quarter",
          "Software",
          "Hardware",
          "Services",
          "Total"
        ],
        [
          "Q1 2024",
          "$450,000",
          "$320,000",
          "$180,000",
          "$950,000"
        ],
        [
          "Q2 2024",
          "$520,000",
          "$380,000",
          "$200,000",
          "$1,100,000"
        ],
        [
          "Q3 2024",
          "$480,000",
          "$340,000",
          "$220,000",
          "$1,040,000"
        ],
        [
          "Q4 2024",
          "$550,000",
          "$420,000",
          "$260,000",
          "$1,230,000"
        ],
        [
          "Total",
          "$2,000,000",
          "$1,460,000",
          "$860,000",
          "$4,320,000"
        ]
      ],
      "header": [
        "Quarter",
        "Software",
        "Hardware",
        "Services",
        "Total"
      ],
      "rows": [
        [
          "Q1 2024",
          "$450,000",
          "$320,000",
          "$180,000",
          "$950,000"
        ],
        [
          "Q2 2024",
          "$520,000",
          "$380,000",
          "$200,000",
          "$1,100,000"
        ],
        [
          "Q3 2024",
          "$480,000",
          "$340,000",
          "$220,000",
          "$1,040,000"
        ],
        [
          "Q4 2024",
          "$550,000",
          "$420,000",
          "$260,000",
          "$1,230,000"
        ],
        [
          "Total",
          "$2,000,000",
          "$1,460,000",
          "$860,000",
          "$4,320,000"
        ]
      ]
    },
    {
      "data": [
        [
          "Region",
          "Revenue",
          "Growth Rate",
          "Market Share"
        ],
        [
          "North America",
          "$2,160,000",
          "12%",
          "50%"
        ],
        [
          "Europe",
          "$1,296,000",
          "18%",
          "30%"
        ],
        [
          "Asia Pacific",
          "$864,000",
          "25%",
          "20%"
        ]
      ],
      "header": [
        "Region",
        "Revenue",
        "Growth Rate",
        "Market Share"
      ],
      "rows": [
        [
          "North America",
          "$2,160,000",
          "12%",
          "50%"
        ],
        [
          "Europe",
          "$1,296,000",
          "18%",
          "30%"
        ],
        [
          "Asia Pacific",
          "$864,000",
          "25%",
          "20%"
        ]
      ]
    }
  ]
}